id,ttl,key,lock
4226,1732684512,files/6b2de085d9b53fa93fa74433933ff37f,0
4227,1732684512,files/1bdb98df8f720f16335b1764cbe13b1a,0
4228,1732684512,files/b6ef755cfc70b5eb94f5d3aad8ba833d,0
4229,1732684511,files/cbc6f4e337332b94c2e02444d64b1c16,0
4230,1732684511,files/2c7eaecb9090bd89cef1dcd4d0d5881a,0
4231,1732684511,files/84fc6d08ed3bd071bcdab33a99d2d7d9,0
4232,1732684512,files/3513aba8aa4305d3ad33fc7122d4af30,0
4233,1732684512,files/585273f764f7401d20c06a646f408e8a,0
4234,1732684512,files/2b7e5de9afe8b3f7b056c0ba2a04af46,0
4280,1732601361,files/f8e6c05bec011310390ae1b3b7531888,0
4284,1732601361,files/c9994e373702fd09bff0e490aeb1b039,0
4285,1732601363,files/62925e840388e52524a47c1916aa58bd,0
4286,1732601363,files/9ce29479219480af9cb26fc6d92ca552,0
4287,1732601363,files/a0d8d3e9e4c13cacce2034ce2a541bbc,0
4288,1732601363,files/11e0e7d82d23d0bc6650c42154a1a14b,0
4289,1732601363,files/3cafb4e23339ba8b8e6e68c7d9f25a49,0
4290,1732601363,files/49de2611fa2d02fcb2b792d703f0f4ff,0
4303,1732602859,files/e671f5279c8faaf9f3f7f69725b690a9,0
4341,1732605008,files/d9712b9716cc3bf1291505ee6348f1c3,0
4355,1732605120,files/ce4bfa2d7a85a3cbed6402594f72db8e,0
4400,1732605477,files/1d2a70bca4fcdf159cd41cebcc0b3512,0
4401,1732605443,files/08cda7fb20d4d0927f3a36263413fe53,0
4402,1732605443,files/aef894266018a34f48c5bfd4a5c1de5a,0
4403,1732605443,files/992d299d65c32f6c9045148c430ef1b9,0
4413,1732605444,files/663d6624287b6c20abe1cb161f01849e,0
4414,1732605444,files/6724edae2b3009446b70ef053e7ff3b9,0
4415,1732605444,files/26ae835857c0f9d8551c5333aec850a9,0
4416,1732605444,files/3761a8afefe039314d9d9e15109d8ec3,0
4417,1732605444,files/301861e41bdd3068d6345a95fc77a41f,0
4418,1732605444,files/f13d5539ef16fbb3048b0803d2c6bedd,0
4540,1732605728,files/911ca602bc4d497be38f208b52e3e924,0
4544,1732605733,files/057f010099ed5ae052a9ead8657bbd7c,0
4558,1732605733,files/58b8b79939cfd69b40fce65fdfe1badd,0
4559,1732605733,files/add0e3d74503d62dfea7a5a8e2e3dc7d,0
4560,1732605733,files/b99ef1ebd62e8bd34b9914b3750550f7,0
4561,1732605733,files/cd559118e5b730005951330b76881129,0
4562,1732605733,files/c455ea476a153c17925a9455249731f6,0
4563,1732605733,files/f272ac4603fb664a1bb5f18ad6c79fbf,0
4576,1732606418,files/0f60a0d0566a2a75378e477a388bc498,0
4577,1732606973,files/e5cec71294de72d26dcd91db813345c6,0
4578,1732606414,files/be1c0389f3e691a1be1ecc260933cc0f,0
4581,1732606970,files/c4d7c9f055e8cb74c30195939b089f8b,0
4582,1732606476,files/35190bebad4fb893fa420e57990b9aaa,0
4583,1732606970,files/bd150089b8730d31419e199772dc30c3,0
4584,1732606476,files/041db2751d7dbfb7e8ad0e14f7e24cc1,0
4585,1732606477,files/82b85f6d5417ba64127e7243826c7a7a,0
4586,1732606415,files/717da117ad3607af4c99ddedb6efc726,0
4587,1732606468,files/767b5322cad4a88f35b5966eb051b03a,0
4588,1732606468,files/1607b514c471f00ac158740de5d06ce1,0
4589,1732606970,files/e3381a37e20fb1a2d382096ce8fb8a1b,0
4590,1732606415,files/a46d4c37283da8b7ae2ece319a048178,0
4591,1732606415,files/0f29dcbc0ebf95e9f91c78f1436e0509,0
4592,1732606415,files/188a33a0a896183de04fcbe8c32476d3,0
4593,1732606415,files/845b0eb2f5d65af0fe0d14a5b04967e0,0
4594,1732606415,files/c09a403dd2250cb8add1307501b5029c,0
4595,1732606970,files/732c32fcaa93236b41ff012c38973464,0
4596,1732606415,files/5abd857567c1a16cf8d6b4cae1f8616c,0
4597,1732606415,files/68ecb4e57b4029e93491fefa029bc18e,0
4598,1732606415,files/f947d9bf4ba54798e3db4cc054734f6e,0
4599,1732606467,files/e0846a6684d4cfea624dc70db9cffd52,0
4600,1732606973,files/37f5889ec2f23551ce51cabb1585d586,0
4601,1732606970,files/1d64b103e86cd0f2bc76777528c86107,0
4602,1732606951,files/2345f1deebab1476aba0c30a8c92e64c,0
4603,1732606416,files/fbb40be60d10554bceb4db9e23bb5753,0
4604,1732606953,files/0225fb422e02a0cf969a99854cc9021d,0
4605,1732606416,files/e7845b8ad45754092385a3df71445b26,0
4606,1732606941,files/15b9214d28aadd2a65d5850ee5b96f66,0
4607,1732606951,files/49053908bd5acd77f0dbed1e856e7a07,0
4608,1732606416,files/004d134861f584fb37b235a79206301a,0
4609,1732606416,files/8892af18ba275878f70ef97d4aa3bf4d,0
4610,1732606954,files/120f395280d01a0d35f17207e9309697,0
4611,1732606416,files/c75b1305b622dfb2cf6a4f60cd6d1f76,0
4612,1732606416,files/1a6129151f7a2bf27be018263d514cc2,0
4613,1732606416,files/884b26edfd0c45b897379f92cb4f8d01,0
4614,1732606952,files/3f292e8c8c05a37d6f17dd14d30ba91f,0
4615,1732606436,files/0d070898aa76955a1a645dbf3106a59e,0
4616,1732606944,files/e992c29aa988578754f1fb97d5675b9b,0
4617,1732606944,files/199a4559703d59ed91c8d70ccd7712f4,0
4618,1732606953,files/376581a1ab14278190a1df377e2c5bc3,0
4619,1732606417,files/c42ed4e5b3263ded663675218c8f5e23,0
4620,1732606943,files/9cf1a6f8501675cec354e9a9ffb6d7be,0
4621,1732606417,files/78f1aedc3772e7a193200a600b6ebb58,0
4622,1732606956,files/25aeee164d5f5654310e7ee260024cbb,0
4623,1732606417,files/df4878c4da00ec95d3ec32f30023d758,0
4624,1732606941,files/bc38101bab498b0f6a5c06c1c8f74973,0
4625,1732606948,files/514803affd0d3046f89182e2a571ae0d,0
4626,1732606970,files/c04bc53cfedc4d71df931d8a6bdb030e,0
4627,1732606417,files/8cb999d7443aae7ee2c2ba2612b47e4b,0
4628,1732606948,files/b1b571da7a9387d71c1316b4ed1867e8,0
4629,1732606435,files/9275fa7403abd18606f12a49a9f9a773,0
4630,1732606435,files/0d27af26fc40effe0f06b1e4579390b4,0
4631,1732606435,files/54bdf90fb95c44cbd203f8df71d01b24,0
4632,1732606435,files/956badc14860b2bdbe192dadee06621b,0
4633,1732606418,files/ad1f0c4f2a3c99f43e66659110bf60f8,0
4634,1732606436,files/44979b3b6709a4a5ad28475b2b278270,0
4636,1732606418,files/2fbfe0e698cca2ce1edfaa09ff777c98,0
4637,1732606418,files/ed7b77cbcaf9d1552d8f9a12d092bfb6,0
4638,1732606435,files/450b172828e2b3841b6cbb439b80d5a8,0
4639,1732606435,files/d1b6f74ad9020722e83953a8c3b90ea2,0
4640,1732606435,files/bcd724b4ef9fe616c78bfd018144cc4c,0
4641,1732606435,files/30643bc1286f7bde6a73c99106248338,0
4642,1732606435,files/4a33b87bd77e49848d7bb6f36f184e60,0
4643,1732606435,files/09d8aab7562932c819e6d9b099c824fd,0
4644,1732606435,files/1aac3974300ba1251c4b5414035455f3,0
4645,1732606435,files/7b65879cd28e0b2dbcadebd605b49dbf,0
4646,1732606435,files/fb17543fec8c3997fc5a52d655f44675,0
4647,1732606435,files/3c57849c8015ac5b36f4ecbb4b617e80,0
4648,1732606435,files/3c191f255186b553591cf208910c2cff,0
4649,1732606435,files/9b589c7f4e9cf0a2cd46c440da0e5051,0
4650,1732606435,files/7f9cb773508ed1f750ed5587ea051e32,0
4651,1732606435,files/1d1e8d774cbab940c437e239300fa7f6,0
4652,1732606435,files/308dd98a93f16d6cbab1b3c6aac9e716,0
4653,1732606435,files/d722973a9a406495d728da609a5a2aed,0
4654,1732606435,files/5a67a93c30c403ff353a80ba3499f48a,0
4655,1732606435,files/f8e653951acf7de124c72e5824d13e71,0
4656,1732606435,files/ab3dbaac526425bfe651abb3abb34113,0
4657,1732606435,files/bcc065235c0854281fece56735e619e1,0
4658,1732606435,files/6baba50b8f8883d8066692f716762105,0
4659,1732606435,files/c2ab5f29efa91d7bf38b4fbbf2e6ac8b,0
4660,1732606435,files/018258ed5064def1182261f24ca8d27e,0
4661,1732606435,files/355af471254bfe65ef9c4f473d3f2933,0
4678,1732606436,files/7f1ef3fab5e8f68e192ed293152c7e5e,0
4679,1732606436,files/773351bcdb9ce1c729d9485404538bf9,0
4680,1732606436,files/2aa31e9d390e22d0814f4c603263bab2,0
4681,1732606436,files/24d369bb70dc6b57c57f98419a7181f1,0
4682,1732606436,files/33d5892dc60ecb7f7c6a3cb5ef36c368,0
4687,1732606436,files/eec0f6c8ae5546db77e54e705f08a3e3,0
4688,1732606436,files/d565fe70dd67bf3e594ab3ef4b482a85,0
4689,1732606436,files/9050376aa32ecef6c6f9d6b91b793561,0
4690,1732606436,files/d802be263cf1ba42fcecd6d4b59fa949,0
4691,1732606436,files/528aaeaba86ec7c820956d0cb8528786,0
4692,1732606436,files/73304447a6fc4b3e268744defcdff633,0
4706,1732606465,files/1773e57e4ed9aeb0e334e9183f7347c9,0
4707,1732606465,files/c53e5a562b57611f96d18b50df9e6ddf,0
4708,1732606465,files/eaba144853951594e4fac8d6d0d1893d,0
4709,1732606465,files/04e934271e61f243ed95dcfff60380d7,0
4710,1732606465,files/c52c702e26c6de9929c47ad849883126,0
4711,1732606465,files/40b0253ecd72aca53880c7ef9d5cc729,0
4712,1732606465,files/ed61f3c1f65785847665ad94bc35e3ba,0
4713,1732606465,files/45c036ad94cfb73de50d65daa90b9c4b,0
4714,1732606465,files/1eca9bda9ad40c083b148487dc93a5fc,0
4715,1732606466,files/8431fbe4791d40bf69843b494c5022fd,0
4725,1732606467,files/0ca0e4edaf7ca0644ca84cd518679291,0
4726,1732606467,files/c6bf3fcab4d15ee400fb72a3b79ecb4c,0
4727,1732606467,files/6f2ac654dd21291fcd7ee608786c3f9c,0
4728,1732606467,files/2feba002326848aa2639a0efcc930f97,0
4729,1732606467,files/9095483c51f49b8ccc272052e6f2ade2,0
4733,1732606468,files/29d89555c4b026914b61a3de3e3db989,0
4734,1732606468,files/cbadfaa4b9d427a9027864d44da93a1e,0
4735,1732606468,files/f3327ddf08db4877f61df74725a808b3,0
4736,1732606468,files/b771f195919af606212542fe2bc12540,0
4737,1732606468,files/968f8e10951ea451aaa3a83e6b21177b,0
4738,1732606468,files/48b26e03e568ad7fe8b2a6baabd31c83,0
4739,1732606468,files/9d3520c0fc6c9bbcd54f6948967c2172,0
4740,1732606468,files/b6ab376d9d00bd1b6518a07dbfaf18e2,0
4741,1732606468,files/a6e51424dd777e292c3839364c8e7f78,0
4742,1732606468,files/42c742b4cce8876e2173d2610e10715f,0
4743,1732606468,files/9222ffa8b5e1ca20dc3f225793f878de,0
4747,1732606468,files/e494a5da2bd1b96556484446098699fe,0
4748,1732606468,files/116265288c392c1ad85b743ad70afa4d,0
4749,1732606468,files/02cdb699bf08c5e7d01d1597ab6575ac,0
4750,1732606468,files/b9584ed0ed8b43574064401d0d2b2896,0
4752,1732606468,files/1a255e025d9d1089e267acc2bc630342,0
4755,1732606468,files/b68c2acdfe8dbcd7683394859c79f7ee,0
4770,1732606476,files/8e0d28544722b4a5d1f48581e442690d,0
4771,1732606476,files/6af98919cd786e59bc5fdd679b541d33,0
4772,1732606476,files/932fd9c381adfa731b2106bd950d9d07,0
4773,1732606476,files/8c55180f000e4edd9a4070613491ff1d,0
4774,1732606476,files/9683453219845ac9721fae6cedad7b7d,0
4775,1732606476,files/b7f9bae596c573cfc7bccae94b209d54,0
4776,1732606476,files/f781664f633e62a001c2c1d5b1e5d4e1,0
4777,1732606476,files/57336347e7d43ddd07414884d7c0de00,0
4778,1732606476,files/bc40f46c0d3498b6acc31e457b61941f,0
4779,1732606476,files/8bcc30e143b4bb202ba59998607a89e1,0
4780,1732606476,files/8a6dc95faa08ccfa6b5f28aa2a6d22d4,0
4781,1732606476,files/9c19fc3b655aa795ab5cdddcd510930b,0
4786,1732606476,files/9241723a1556413bcbbc1160ce27136a,0
4787,1732606476,files/c58dc105bf8c61ed237267afcc7667a8,0
4788,1732606476,files/ecc447bc71194fe39c644bc3c2dcb661,0
4789,1732606476,files/6e6975a7210d4f3a5c55af831b8deb24,0
4790,1732606476,files/6070ca6fd3390eeb9a13ccd955f1c8bb,0
4791,1732606476,files/be3c9460439a03c22e1e4111aa8b76cf,0
4800,1732606477,files/c7a00e8f0a6440be903d76f305f04c3a,0
4801,1732606477,files/58a1778feb3ce9806e125e7e96e31f23,0
4802,1732606477,files/5f3369e24f0ce1826ac8eaf274db5ec5,0
4803,1732606477,files/f65ddfcc33c69a6bd805fc37e84f2c5e,0
4804,1732606477,files/998d74259056d812eb515730245f7b7e,0
4850,1732606504,files/c587916ec7b696c9d6aac01d932f46c2,0
4852,1732606504,files/a96b6a004f25e55f34ceb5b948cc7a13,0
4853,1732606539,files/230f39b77c47ef34027055f8bb421e02,0
4854,1732606539,files/626adbf58e387c3ad0e9aede681c281b,0
4855,1732606539,files/c2c34022286f3883f527b7564d585396,0
4862,1732606507,files/e65d89cc9c2307b43f0532b62220f45e,0
4863,1732606507,files/e3733cd06ceb9690959010e23b70d2e8,0
4864,1732606507,files/b1031271aeea55620af9f7177b309a04,0
4865,1732606507,files/cd696ef8d6f61a316f85578077df27a4,0
4866,1732606507,files/3f1c9d573b12d00d9e9d20ae57fca3ff,0
4867,1732606507,files/ac762aa6d6c93cd88e00b51f8bf53ca9,0
4872,1732606714,files/5e21c9628e9cc7e5c137645dd2a4d866,0
4874,1732606539,files/441b8e70acbf304173fba43d1ecdfd8b,0
4882,1732606540,files/86cf94b2a52a7792969773843855585d,0
4883,1732606540,files/24a5e14ae501e2b2d12eaae8e900b27e,0
4884,1732606540,files/4af038e7b2caafe80edfef61161e141f,0
4885,1732606540,files/5ed881ae8e873a8cd1c70c1022ca7e88,0
4886,1732606540,files/a945ef17c3ccce6f98f39a8e52b29b7e,0
4887,1732606540,files/07e40ed9901081d85b114aa608d4d1d3,0
4952,1732606938,files/6314ffb135389f9dbfe318a1dc4eb594,0
4953,1732606938,files/ad3936ea804fd598bf83baa7142aeae9,0
4954,1732606938,files/f8926e1f0bc1e40d25c17e23de928c67,0
4955,1732606938,files/f746ced33d4bc228f9cd47a720f3e6a0,0
4956,1732606938,files/25b89d8273dce53031c8875672931d95,0
4957,1732606938,files/aabecd6d6613449b2fd5962bbdf7cabf,0
4958,1732606941,files/947a0aafb7e5b3dc9301558db8c0592e,0
4959,1732606941,files/c63257e7bb9a4e3c3c6d448b54bde2dd,0
4960,1732606941,files/716a2ee60b5f4aee15977bade07f4655,0
4961,1732606941,files/6ccb5d3bd4d67a364aae393c9a4e793d,0
4962,1732606941,files/03d263a217a077dd6d43e447aaa5fb02,0
4963,1732606941,files/6f9e314aeac9ed91de01ce13525decca,0
4964,1732606941,files/eae8c1f4d55de7a030ad16fa6d5ab668,0
4965,1732606941,files/3d9cb1f795f6442789fa2e88b994c091,0
4966,1732606941,files/1d2039eabb5401c1d56fd1ac47b9466f,0
4967,1732606941,files/e7584daaa4142c21a171e3d57d7689b3,0
4968,1732606941,files/5cee7d0d410bf6d935593309640bfcf7,0
4969,1732606941,files/78e39afe801fe74f1caabfc620e605a8,0
4974,1732606941,files/3f4412e5dc220fcb6079e6c57b0a53e9,0
4975,1732606941,files/036b5f5648b538e91da64e0169f767b4,0
4976,1732606941,files/5142ac3dba4001936ac18258e62f7f27,0
4977,1732606941,files/fc8c5d75bf76c4608ce1bcac1d22e41e,0
4978,1732606941,files/0435dfc691c24229b41992342aaff9c3,0
4979,1732606941,files/2c89dcdf881b72fc047cb865c4b43189,0
4984,1732606942,files/c78541509dd29639c884c24f888a6a60,0
4985,1732606942,files/20029e98e80202a4ad3ff75671e11e1a,0
4986,1732606942,files/10a1c1c143d839bc16814600fe86908e,0
4987,1732606942,files/c96e9fd86fc214eb16e12fcab455016a,0
4988,1732606942,files/72739c976b5055c03765cf59ef0d1fc6,0
4989,1732606942,files/d48e80a83c9a045ab733d4197300de51,0
4990,1732606942,files/aa92e9ae9fd004dace26fb94452fa50e,0
4991,1732606942,files/9c31c79a3243d7aab74b0227c570f6d7,0
4992,1732606943,files/22c9214c8e43191e1541bd0a657156ba,0
4993,1732606943,files/52a7be7cf249e5ddbda771c5d1e534af,0
4994,1732606943,files/fd7e33efd818033c84a4376d7f6ff18f,0
4999,1732606944,files/128dfab3804c44974c7a1d785203a661,0
5000,1732606944,files/134a5a89a031673e2f10182952ae6dc9,0
5001,1732606944,files/8f14d3f7632137fbb5fa81ef88e9966a,0
5002,1732606944,files/8a77eb3ccc0740bbc0719b6cf4aad6f4,0
5003,1732606944,files/401904b563bf8a34b969bca8f5ef8779,0
5004,1732606944,files/33cba2121971c4375b8c7bdc73cc2667,0
5005,1732606944,files/41ce13787f1d21d6b3270f9e64625f80,0
5006,1732606944,files/51f0f76c795fafbfe4eb872dd1543e76,0
5007,1732606944,files/b3f801669f8e82877dbe3faaced7a936,0
5008,1732606944,files/8fecc396c2ee7757a18e8f6c191fdd58,0
5009,1732606944,files/e2e35c5352dfdd23ad34e3ff1a5f6d06,0
5014,1732606944,files/62fe873540aa2468a4bca098e34aec04,0
5015,1732606944,files/6a820b49ca625f1818e82dc0ab654ca9,0
5016,1732606944,files/db048ae6729063c35b36dd63d687c319,0
5017,1732606944,files/a2172ea6b9b113ff08e25c989f221191,0
5018,1732606944,files/54e611ebfde91377ef0c5cf5359b9534,0
5019,1732606944,files/e54e9b37c7e26d0f042a1f6f0a64039c,0
5024,1732606948,files/38025725e842389e29d8bf0a59158b37,0
5025,1732606948,files/bf2d74ac6618307c24b8022484a0b1b3,0
5026,1732606948,files/1684470fff01f095cd81d9c978b183a6,0
5027,1732606948,files/58d28204b272b27e3734d6d9875260ad,0
5028,1732606948,files/9be4ced0cde2ece34ead3f7f78f4ee83,0
5029,1732606948,files/ffb3f6e81a5d9500f0158bb11e6db637,0
5030,1732606948,files/587870e1fb3f6f72cf47132d084e784e,0
5031,1732606948,files/9da26694be7342941b4851d7b22eb66a,0
5032,1732606948,files/8ceb6df0a61f189b8b58231361ea3578,0
5033,1732606948,files/72ec2a59f70121fc4ec2f3824149f2bc,0
5034,1732606948,files/e890e74025709b7e13591840ec9dbd7f,0
5035,1732606948,files/85af629dc2ab218573b006ee19a3726d,0
5036,1732606948,files/e09f4ea325ca57b42c1a462586f3fb21,0
5037,1732606948,files/a694be338e342a5034baa5e7ae18054c,0
5038,1732606948,files/3b77f3ede425911403a001e0301d7750,0
5039,1732606948,files/57e8437d8f517fadd754fa5282484136,0
5040,1732606948,files/db429abf317d97d542ea8b3b110c185f,0
5049,1732606951,files/cca7b3367de883cb476a02afc1e3bd85,0
5050,1732606951,files/ed5c2d553d35eb91cc8bd795b2882009,0
5051,1732606951,files/6bb1f2d520bf1716781211dfc95381d2,0
5052,1732606951,files/ad2ada99ffd7ff6d2d37af2844d68ae3,0
5053,1732606951,files/ce8a7b7443b0e95d2efbe105565f6c5c,0
5058,1732606951,files/6a8086e30236abb561b2e65e739ebc42,0
5059,1732606951,files/790e3b6732887fa6bea63aa9d26f9840,0
5060,1732606951,files/65485e3a74412a3a8171812de74c3ce2,0
5061,1732606951,files/a0da9385289a112ec19c779f905125ce,0
5062,1732606951,files/71f5b65d8bf54d4884d993da4065df7e,0
5067,1732606952,files/e1e4c7c00f1d5a14d140ffe224942d2f,0
5068,1732606952,files/868b1df36ded89c783b9689c532f286e,0
5069,1732606952,files/3c6f0700f23ed4490c6cc4298e53519f,0
5070,1732606952,files/5c2b637008c7a52d539732ae90bf6c35,0
5071,1732606952,files/21b4e8e372d6b9c33f14ddce4d3cf21f,0
5076,1732606953,files/c6742e3de67928a701e7eb409e2e158a,0
5077,1732606953,files/e5508261737604cf3f1adc7afb2b4ad7,0
5078,1732606953,files/c55f2fe9cfece8bb4d5715b681243917,0
5079,1732606953,files/c85936945757da076af2ca0448b6ecad,0
5080,1732606953,files/e00742c7d7a0f7acbf841e5e2459bbf0,0
5081,1732606953,files/d8a47c0ce23d29701462d652ec2a7853,0
5086,1732606953,files/7fc68112a5502d9858abe8ec516c4d04,0
5087,1732606953,files/f9068952a8a6541818fde1ee4a235023,0
5088,1732606953,files/a27464a771bb6081c86c11cc5c8a09b6,0
5089,1732606953,files/cf825d4a4ecfd6604965d35ef46dd5ec,0
5090,1732606953,files/a1517ac75a8bfd937692f4f188da2f5e,0
5091,1732606953,files/61b9d8005eafc5f06d4da1aba4894152,0
5092,1732606953,files/98133775283e082f41b2705a574f2461,0
5093,1732606953,files/1f6c92e905db989ef9d2a8d8326afc54,0
5094,1732606953,files/7d5f8bcc5a106a3e3ffa7d97e57bf0a1,0
5095,1732606953,files/324c0f71f4abe6669acc5789673c5b0a,0
5096,1732606953,files/81d148aca2b807f11eb2c95569faeced,0
5105,1732606954,files/fce7ff633f539c91af53ab0f0ba6f604,0
5106,1732606954,files/d9b89063b914f31a6497a2e50c7e3fee,0
5107,1732606954,files/7cec961ab1f35a55072d72f192d8a7b4,0
5108,1732606954,files/40e60a408fbff8cbe8d42fb90c4528af,0
5109,1732606954,files/c6665c0a2036aa8ee154668c76bd9113,0
5110,1732606954,files/6628ce2046e3f18e746d742c454936a7,0
5115,1732606954,files/c2b228fd7859ca865372c98b6d24d5ad,0
5116,1732606955,files/5399ff3ffccb0a6bda75d898deb722e6,0
5117,1732606955,files/37d50f64c8114fcdbd2f31132f2db664,0
5118,1732606955,files/37d45d98002c4a58397540d6e427cf14,0
5119,1732606955,files/2032b53a7595d568c0a614caba7be54b,0
5120,1732606955,files/0ca8b9f158e77812379bef09c65a6d3c,0
5121,1732606955,files/ffde540ce3311ec05136381c3d571c11,0
5122,1732606955,files/c385b71c0b7f9095e86383c71a773742,0
5123,1732606955,files/4c81ba417ab886e37af2df1e4c0356af,0
5124,1732606955,files/d5d2283eef65c0980531be6d99f8b121,0
5125,1732606955,files/2dad986f2f2e45a7454809793bc1d68e,0
5126,1732606955,files/7005d0481c68811b7121876542d833ff,0
5127,1732606956,files/27c15d4a28c6058d0894329428272ab2,0
5128,1732606956,files/6344e23496df59eb568c9327f33afc3e,0
5129,1732606956,files/b922a80522efceb222a7a0507a74941d,0
5130,1732606956,files/b814e03b17a9af0cdfbacbebab7da377,0
5131,1732606956,files/6d72f926bed6032e7311235b5e25a982,0
5132,1732606956,files/3f6b018db551f53ca0aa693fe5cf6c76,0
5133,1732606956,files/0765836d7d888786bc2156a8e4cbbe61,0
5134,1732606956,files/3647654d60d0e50b7fd32bb5e84be86f,0
5135,1732606956,files/91f71e4273d8213bd731cc2b0caf99df,0
5136,1732606956,files/d2a413c6a988b74baf7f1e8f0b5df53a,0

